error, attempt, epochs, momentum, maxAttempts, maxEpochsPerAttempt, epochSize, configuration, ms
20, 0, 735, 0.1, 8, 5000, 59, "1024-10-3", 9339
20, 1, 4241, 0.1, 8, 5000, 59, "1024-10-3", 117396
20, 0, 2436, 0.1, 8, 5000, 59, "1024-10-3", 30904
20, 0, 1198, 0.1, 8, 5000, 59, "1024-10-3", 15020
20, 0, 751, 0.1, 8, 5000, 59, "1024-10-3", 1261
20, 0, 351, 0.1, 8, 5000, 59, "1024-10-3", 562
20, 1, 379, 0.1, 8, 5000, 59, "1024-10-3", 8970
20, 2, 128, 0.1, 8, 5000, 59, "1024-10-3", 17022
20, 1, 116, 0.1, 8, 5000, 59, "1024-10-3", 8670
20, 2, 468, 0.1, 8, 5000, 59, "1024-10-3", 17516
20, 0, 622, 0.1, 8, 5000, 59, "1024-10-3", 1045
20, 0, 4048, 0.1, 8, 5000, 59, "1024-10-3", 6738
20, 0, 267, 0.1, 8, 5000, 59, "1024-10-3", 457
20, 0, 331, 0.1, 8, 5000, 59, "1024-10-3", 581
20, 0, 216, 0.1, 8, 5000, 59, "1024-10-3", 370
20, 0, 1434, 0.1, 8, 5000, 59, "1024-10-3", 2419
20, 0, 1889, 0.1, 8, 5000, 59, "1024-10-3", 3157
20, 0, 966, 0.1, 8, 5000, 59, "1024-10-3", 1616
20, 0, 927, 0.1, 8, 5000, 59, "1024-10-3", 1507
20, 0, 158, 0.1, 8, 5000, 59, "1024-10-3", 256
20, 0, 748, 0.1, 8, 5000, 59, "1024-10-3", 1267
20, 0, 2528, 0.1, 8, 5000, 59, "1024-10-3", 4259
20, 0, 694, 0.1, 8, 5000, 59, "1024-10-3", 1190
20, 0, 659, 0.1, 8, 5000, 59, "1024-10-3", 1114
20, 0, 3906, 0.1, 8, 5000, 59, "1024-10-3", 6447
20, 0, 331, 0.1, 8, 5000, 59, "1024-10-3", 534
20, 0, 304, 0.1, 8, 5000, 59, "1024-10-3", 508
20, 0, 576, 0.1, 8, 5000, 59, "1024-10-3", 948
20, 1, 245, 0.1, 8, 5000, 59, "1024-10-3", 8660
20, 0, 1730, 0.1, 8, 5000, 59, "1024-10-3", 2887
20, 1, 73, 0.1, 8, 5000, 59, "1024-10-3", 8456
20, 0, 2026, 0.1, 8, 5000, 59, "1024-10-3", 3424
20, 0, 1125, 0.1, 8, 5000, 59, "1024-10-3", 1910
20, 0, 224, 0.1, 8, 5000, 59, "1024-10-3", 373
20, 0, 3051, 0.1, 8, 5000, 59, "1024-10-3", 5048
20, 0, 3023, 0.1, 8, 5000, 59, "1024-10-3", 5100
20, 0, 1797, 0.1, 8, 5000, 59, "1024-10-3", 3008
20, 0, 300, 0.1, 8, 5000, 59, "1024-10-3", 515
20, 0, 4570, 0.1, 8, 5000, 59, "1024-10-3", 7695
20, 0, 871, 0.1, 8, 5000, 59, "1024-10-3", 1422
20, 0, 1519, 0.1, 8, 5000, 59, "1024-10-3", 2562
20, 0, 305, 0.1, 8, 5000, 59, "1024-10-3", 517
20, 0, 1924, 0.1, 8, 5000, 59, "1024-10-3", 3174
20, 0, 1788, 0.1, 8, 5000, 59, "1024-10-3", 2956
20, 0, 1342, 0.1, 8, 5000, 59, "1024-10-3", 2245
20, 0, 2259, 0.1, 8, 5000, 59, "1024-10-3", 3693
20, 2, 1308, 0.1, 8, 5000, 59, "1024-10-3", 19196
20, 0, 3397, 0.1, 8, 5000, 59, "1024-10-3", 5615
20, 0, 1633, 0.1, 8, 5000, 59, "1024-10-3", 2749
20, 0, 1189, 0.1, 8, 5000, 59, "1024-10-3", 1932
20, 1, 4619, 0.1, 8, 5000, 59, "1024-10-3", 15895
20, 0, 1107, 0.1, 8, 5000, 59, "1024-10-3", 1865
20, 1, 494, 0.1, 8, 5000, 59, "1024-10-3", 9254
20, 0, 1179, 0.1, 8, 5000, 59, "1024-10-3", 2027
20, 0, 1393, 0.1, 8, 5000, 59, "1024-10-3", 2310
20, 0, 708, 0.1, 8, 5000, 59, "1024-10-3", 1190
20, 0, 1474, 0.1, 8, 5000, 59, "1024-10-3", 2420
20, 0, 242, 0.1, 8, 5000, 59, "1024-10-3", 387
20, 1, 2781, 0.1, 8, 5000, 59, "1024-10-3", 12990
20, 0, 1610, 0.1, 8, 5000, 59, "1024-10-3", 2664
20, 0, 581, 0.1, 8, 5000, 59, "1024-10-3", 957
20, 0, 1514, 0.1, 8, 5000, 59, "1024-10-3", 2524
20, 0, 3358, 0.1, 8, 5000, 59, "1024-10-3", 5556
20, 0, 1832, 0.1, 8, 5000, 59, "1024-10-3", 3071
20, 1, 358, 0.1, 8, 5000, 59, "1024-10-3", 8961
20, 0, 244, 0.1, 8, 5000, 59, "1024-10-3", 418
20, 0, 3368, 0.1, 8, 5000, 59, "1024-10-3", 5642
20, 0, 309, 0.1, 8, 5000, 59, "1024-10-3", 514
20, 0, 82, 0.1, 8, 5000, 59, "1024-10-3", 136
20, 0, 588, 0.1, 8, 5000, 59, "1024-10-3", 979
20, 0, 2092, 0.1, 8, 5000, 59, "1024-10-3", 3502
20, 1, 1674, 0.1, 8, 5000, 59, "1024-10-3", 11213
20, 0, 195, 0.1, 8, 5000, 59, "1024-10-3", 327
20, 1, 1124, 0.1, 8, 5000, 59, "1024-10-3", 10210
20, 0, 621, 0.1, 8, 5000, 59, "1024-10-3", 1031
20, 0, 768, 0.1, 8, 5000, 59, "1024-10-3", 1306
20, 0, 122, 0.1, 8, 5000, 59, "1024-10-3", 222
20, 0, 518, 0.1, 8, 5000, 59, "1024-10-3", 901
20, 0, 1271, 0.1, 8, 5000, 59, "1024-10-3", 2087
20, 0, 289, 0.1, 8, 5000, 59, "1024-10-3", 486
20, 0, 1261, 0.1, 8, 5000, 59, "1024-10-3", 2116
20, 0, 807, 0.1, 8, 5000, 59, "1024-10-3", 1331
20, 0, 3548, 0.1, 8, 5000, 59, "1024-10-3", 5864
20, 0, 711, 0.1, 8, 5000, 59, "1024-10-3", 1178
20, 0, 792, 0.1, 8, 5000, 59, "1024-10-3", 1360
20, 0, 839, 0.1, 8, 5000, 59, "1024-10-3", 1368
20, 1, 60, 0.1, 8, 5000, 59, "1024-10-3", 8323
20, 0, 1255, 0.1, 8, 5000, 59, "1024-10-3", 2079
20, 1, 2821, 0.1, 8, 5000, 59, "1024-10-3", 12891
20, 0, 1515, 0.1, 8, 5000, 59, "1024-10-3", 2477
20, 0, 1878, 0.1, 8, 5000, 59, "1024-10-3", 3104
20, 0, 1965, 0.1, 8, 5000, 59, "1024-10-3", 3235
20, 0, 1809, 0.1, 8, 5000, 59, "1024-10-3", 2998
20, 1, 338, 0.1, 8, 5000, 59, "1024-10-3", 8848
20, 0, 939, 0.1, 8, 5000, 59, "1024-10-3", 1520
20, 0, 707, 0.1, 8, 5000, 59, "1024-10-3", 1143
20, 0, 3013, 0.1, 8, 5000, 59, "1024-10-3", 4964
20, 0, 3603, 0.1, 8, 5000, 59, "1024-10-3", 5955
20, 1, 2954, 0.1, 8, 5000, 59, "1024-10-3", 13254
20, 1, 93, 0.1, 8, 5000, 59, "1024-10-3", 8404
20, 0, 755, 0.1, 8, 5000, 59, "1024-10-3", 1237
20, 0, 1923, 0.1, 8, 5000, 59, "1024-10-3", 3193
20, 0, 386, 0.1, 8, 5000, 59, "1024-10-3", 640
20, 0, 1547, 0.1, 8, 5000, 59, "1024-10-3", 2586
20, 0, 484, 0.1, 8, 5000, 59, "1024-10-3", 820
20, 0, 699, 0.1, 8, 5000, 59, "1024-10-3", 1181
20, 0, 2969, 0.1, 8, 5000, 59, "1024-10-3", 5035
20, 0, 1895, 0.1, 8, 5000, 59, "1024-10-3", 3189
20, 0, 1712, 0.1, 8, 5000, 59, "1024-10-3", 2891
20, 0, 3167, 0.1, 8, 5000, 59, "1024-10-3", 5273
20, 1, 384, 0.1, 8, 5000, 59, "1024-10-3", 8959
20, 0, 4207, 0.1, 8, 5000, 59, "1024-10-3", 6937
20, 0, 734, 0.1, 8, 5000, 59, "1024-10-3", 1233
20, 0, 249, 0.1, 8, 5000, 59, "1024-10-3", 407
20, 1, 1744, 0.1, 8, 5000, 59, "1024-10-3", 11200
20, 0, 416, 0.1, 8, 5000, 59, "1024-10-3", 693
20, 0, 1003, 0.1, 8, 5000, 59, "1024-10-3", 1647
20, 0, 357, 0.1, 8, 5000, 59, "1024-10-3", 598
20, 0, 894, 0.1, 8, 5000, 59, "1024-10-3", 1505
20, 1, 1674, 0.1, 8, 5000, 59, "1024-10-3", 11127
20, 0, 811, 0.1, 8, 5000, 59, "1024-10-3", 1379
20, 0, 490, 0.1, 8, 5000, 59, "1024-10-3", 827
20, 0, 1645, 0.1, 8, 5000, 59, "1024-10-3", 2763
20, 0, 706, 0.1, 8, 5000, 59, "1024-10-3", 1149
20, 0, 700, 0.1, 8, 5000, 59, "1024-10-3", 1145
20, 0, 1563, 0.1, 8, 5000, 59, "1024-10-3", 2570
20, 1, 173, 0.1, 8, 5000, 59, "1024-10-3", 8584
20, 0, 400, 0.1, 8, 5000, 59, "1024-10-3", 679
20, 1, 888, 0.1, 8, 5000, 59, "1024-10-3", 9737
20, 0, 715, 0.1, 8, 5000, 59, "1024-10-3", 1191
19, 0, 252, 0.1, 8, 5000, 59, "1024-10-3", 477
19, 0, 253, 0.1, 8, 5000, 59, "1024-10-3", 423
19, 0, 1470, 0.1, 8, 5000, 59, "1024-10-3", 2467
19, 0, 795, 0.1, 8, 5000, 59, "1024-10-3", 1294
19, 1, 2302, 0.1, 8, 5000, 59, "1024-10-3", 12281
19, 1, 221, 0.1, 8, 5000, 59, "1024-10-3", 8818
19, 0, 2045, 0.1, 8, 5000, 59, "1024-10-3", 3389
19, 0, 1800, 0.1, 8, 5000, 59, "1024-10-3", 3024
19, 0, 1421, 0.1, 8, 5000, 59, "1024-10-3", 2326
19, 0, 551, 0.1, 8, 5000, 59, "1024-10-3", 940
19, 0, 396, 0.1, 8, 5000, 59, "1024-10-3", 650
19, 0, 1904, 0.1, 8, 5000, 59, "1024-10-3", 3171
19, 1, 2151, 0.1, 8, 5000, 59, "1024-10-3", 11985
19, 0, 2937, 0.1, 8, 5000, 59, "1024-10-3", 4876
19, 1, 1047, 0.1, 8, 5000, 59, "1024-10-3", 10104
19, 0, 1180, 0.1, 8, 5000, 59, "1024-10-3", 1976
19, 0, 826, 0.1, 8, 5000, 59, "1024-10-3", 1341
19, 0, 2213, 0.1, 8, 5000, 59, "1024-10-3", 3761
19, 0, 47, 0.1, 8, 5000, 59, "1024-10-3", 78
19, 0, 246, 0.1, 8, 5000, 59, "1024-10-3", 396
19, 0, 1469, 0.1, 8, 5000, 59, "1024-10-3", 2445
19, 0, 2635, 0.1, 8, 5000, 59, "1024-10-3", 4418
19, 0, 759, 0.1, 8, 5000, 59, "1024-10-3", 1296
19, 1, 750, 0.1, 8, 5000, 59, "1024-10-3", 9600
19, 0, 1231, 0.1, 8, 5000, 59, "1024-10-3", 2083
19, 0, 2633, 0.1, 8, 5000, 59, "1024-10-3", 4364
19, 0, 3673, 0.1, 8, 5000, 59, "1024-10-3", 6135
19, 1, 134, 0.1, 8, 5000, 59, "1024-10-3", 8566
19, 0, 1058, 0.1, 8, 5000, 59, "1024-10-3", 1742
19, 0, 293, 0.1, 8, 5000, 59, "1024-10-3", 470
19, 0, 361, 0.1, 8, 5000, 59, "1024-10-3", 630
19, 0, 2410, 0.1, 8, 5000, 59, "1024-10-3", 3991
19, 0, 396, 0.1, 8, 5000, 59, "1024-10-3", 713
19, 0, 1498, 0.1, 8, 5000, 59, "1024-10-3", 2643
19, 0, 4094, 0.1, 8, 5000, 59, "1024-10-3", 6928
19, 0, 420, 0.1, 8, 5000, 59, "1024-10-3", 716
19, 1, 2214, 0.1, 8, 5000, 59, "1024-10-3", 12119
19, 0, 2184, 0.1, 8, 5000, 59, "1024-10-3", 3626
19, 0, 2005, 0.1, 8, 5000, 59, "1024-10-3", 3310
19, 0, 136, 0.1, 8, 5000, 59, "1024-10-3", 219
19, 0, 793, 0.1, 8, 5000, 59, "1024-10-3", 1343
19, 0, 540, 0.1, 8, 5000, 59, "1024-10-3", 932
19, 0, 1394, 0.1, 8, 5000, 59, "1024-10-3", 2306
19, 0, 702, 0.1, 8, 5000, 59, "1024-10-3", 1163
19, 0, 664, 0.1, 8, 5000, 59, "1024-10-3", 1098
19, 0, 2603, 0.1, 8, 5000, 59, "1024-10-3", 4317
18, 0, 1206, 0.1, 8, 5000, 59, "1024-10-3", 2017
18, 0, 2698, 0.1, 8, 5000, 59, "1024-10-3", 4473
18, 0, 1496, 0.1, 8, 5000, 59, "1024-10-3", 2506
18, 0, 2718, 0.1, 8, 5000, 59, "1024-10-3", 4496
18, 0, 4082, 0.1, 8, 5000, 59, "1024-10-3", 6744
18, 0, 683, 0.1, 8, 5000, 59, "1024-10-3", 1132
18, 0, 3092, 0.1, 8, 5000, 59, "1024-10-3", 5098
18, 0, 1505, 0.1, 8, 5000, 59, "1024-10-3", 2519
18, 0, 1170, 0.1, 8, 5000, 59, "1024-10-3", 1889
18, 0, 1095, 0.1, 8, 5000, 59, "1024-10-3", 1836
18, 1, 4416, 0.1, 8, 5000, 59, "1024-10-3", 15655
18, 0, 3640, 0.1, 8, 5000, 59, "1024-10-3", 6092
18, 0, 1124, 0.1, 8, 5000, 59, "1024-10-3", 1841
18, 0, 1732, 0.1, 8, 5000, 59, "1024-10-3", 2943
18, 0, 1669, 0.1, 8, 5000, 59, "1024-10-3", 2778
18, 0, 366, 0.1, 8, 5000, 59, "1024-10-3", 639
18, 0, 3329, 0.1, 8, 5000, 59, "1024-10-3", 5566
18, 0, 3345, 0.1, 8, 5000, 59, "1024-10-3", 5588
18, 0, 2298, 0.1, 8, 5000, 59, "1024-10-3", 3766
18, 0, 1209, 0.1, 8, 5000, 59, "1024-10-3", 2106
18, 0, 1648, 0.1, 8, 5000, 59, "1024-10-3", 2642
18, 0, 659, 0.1, 8, 5000, 59, "1024-10-3", 1094
18, 0, 2684, 0.1, 8, 5000, 59, "1024-10-3", 4305
18, 0, 311, 0.1, 8, 5000, 59, "1024-10-3", 514
18, 0, 1366, 0.1, 8, 5000, 59, "1024-10-3", 2177
18, 0, 156, 0.1, 8, 5000, 59, "1024-10-3", 245
18, 1, 1634, 0.1, 8, 5000, 59, "1024-10-3", 10674
18, 1, 368, 0.1, 8, 5000, 59, "1024-10-3", 8673
18, 0, 1092, 0.1, 8, 5000, 59, "1024-10-3", 1779
18, 0, 616, 0.1, 8, 5000, 59, "1024-10-3", 1007
18, 1, 2177, 0.1, 8, 5000, 59, "1024-10-3", 11615
18, 0, 138, 0.1, 8, 5000, 59, "1024-10-3", 217
18, 0, 1877, 0.1, 8, 5000, 59, "1024-10-3", 3003
18, 0, 686, 0.1, 8, 5000, 59, "1024-10-3", 1102
18, 0, 1202, 0.1, 8, 5000, 59, "1024-10-3", 1887
18, 0, 579, 0.1, 8, 5000, 59, "1024-10-3", 931
18, 0, 2040, 0.1, 8, 5000, 59, "1024-10-3", 3289
18, 0, 510, 0.1, 8, 5000, 59, "1024-10-3", 798
18, 2, 457, 0.1, 8, 5000, 59, "1024-10-3", 16830
18, 0, 4260, 0.1, 8, 5000, 59, "1024-10-3", 6916
18, 1, 65, 0.1, 8, 5000, 59, "1024-10-3", 8128
18, 1, 208, 0.1, 8, 5000, 59, "1024-10-3", 8327
18, 0, 622, 0.1, 8, 5000, 59, "1024-10-3", 1009
18, 0, 2369, 0.1, 8, 5000, 59, "1024-10-3", 3804
18, 0, 1316, 0.1, 8, 5000, 59, "1024-10-3", 2137
18, 1, 1517, 0.1, 8, 5000, 59, "1024-10-3", 10427
18, 0, 4781, 0.1, 8, 5000, 59, "1024-10-3", 7647
18, 0, 393, 0.1, 8, 5000, 59, "1024-10-3", 642
18, 0, 1871, 0.1, 8, 5000, 59, "1024-10-3", 3014
18, 1, 2904, 0.1, 8, 5000, 59, "1024-10-3", 12646
18, 3, 316, 0.1, 8, 5000, 59, "1024-10-3", 24520
18, 0, 1582, 0.1, 8, 5000, 59, "1024-10-3", 2561
18, 0, 2930, 0.1, 8, 5000, 59, "1024-10-3", 4684
18, 1, 642, 0.1, 8, 5000, 59, "1024-10-3", 9043
18, 2, 1006, 0.1, 8, 5000, 59, "1024-10-3", 17653
18, 0, 2482, 0.1, 8, 5000, 59, "1024-10-3", 3999
18, 1, 1688, 0.1, 8, 5000, 59, "1024-10-3", 10703
18, 1, 647, 0.1, 8, 5000, 59, "1024-10-3", 9072
18, 1, 3271, 0.1, 8, 5000, 59, "1024-10-3", 13213
18, 0, 2926, 0.1, 8, 5000, 59, "1024-10-3", 4733
18, 0, 1101, 0.1, 8, 5000, 59, "1024-10-3", 1773
18, 0, 1462, 0.1, 8, 5000, 59, "1024-10-3", 2328
18, 0, 1049, 0.1, 8, 5000, 59, "1024-10-3", 1701
18, 1, 4440, 0.1, 8, 5000, 59, "1024-10-3", 15201
18, 1, 1295, 0.1, 8, 5000, 59, "1024-10-3", 10095
18, 0, 2869, 0.1, 8, 5000, 59, "1024-10-3", 4618
18, 0, 3941, 0.1, 8, 5000, 59, "1024-10-3", 6389
18, 0, 248, 0.1, 8, 5000, 59, "1024-10-3", 388
18, 0, 2275, 0.1, 8, 5000, 59, "1024-10-3", 3660
18, 0, 1495, 0.1, 8, 5000, 59, "1024-10-3", 2369
18, 0, 416, 0.1, 8, 5000, 59, "1024-10-3", 685
18, 1, 2115, 0.1, 8, 5000, 59, "1024-10-3", 11491
18, 0, 4594, 0.1, 8, 5000, 59, "1024-10-3", 7395
18, 0, 1375, 0.1, 8, 5000, 59, "1024-10-3", 2209
18, 0, 821, 0.1, 8, 5000, 59, "1024-10-3", 1331
18, 0, 1516, 0.1, 8, 5000, 59, "1024-10-3", 2419
18, 0, 431, 0.1, 8, 5000, 59, "1024-10-3", 709
18, 2, 1430, 0.1, 8, 5000, 59, "1024-10-3", 18377
18, 0, 2585, 0.1, 8, 5000, 59, "1024-10-3", 4186
18, 0, 273, 0.1, 8, 5000, 59, "1024-10-3", 427
18, 0, 2049, 0.1, 8, 5000, 59, "1024-10-3", 3310
18, 0, 1772, 0.1, 8, 5000, 59, "1024-10-3", 2800
18, 0, 1173, 0.1, 8, 5000, 59, "1024-10-3", 1924
18, 0, 297, 0.1, 8, 5000, 59, "1024-10-3", 478
18, 0, 909, 0.1, 8, 5000, 59, "1024-10-3", 1445
18, 0, 2664, 0.1, 8, 5000, 59, "1024-10-3", 4284
18, 0, 420, 0.1, 8, 5000, 59, "1024-10-3", 659
18, 0, 2650, 0.1, 8, 5000, 59, "1024-10-3", 4254
18, 0, 241, 0.1, 8, 5000, 59, "1024-10-3", 396
18, 0, 4127, 0.1, 8, 5000, 59, "1024-10-3", 6568
18, 0, 2130, 0.1, 8, 5000, 59, "1024-10-3", 3545
18, 0, 299, 0.1, 8, 5000, 59, "1024-10-3", 465
18, 0, 411, 0.1, 8, 5000, 59, "1024-10-3", 644
18, 1, 2686, 0.1, 8, 5000, 59, "1024-10-3", 12533
18, 0, 1296, 0.1, 8, 5000, 59, "1024-10-3", 2068
18, 0, 1012, 0.1, 8, 5000, 59, "1024-10-3", 1671
18, 1, 1653, 0.1, 8, 5000, 59, "1024-10-3", 10672
18, 0, 1177, 0.1, 8, 5000, 59, "1024-10-3", 2194
18, 0, 1152, 0.1, 8, 5000, 59, "1024-10-3", 1920
18, 0, 849, 0.1, 8, 5000, 59, "1024-10-3", 1504
16, 0, 4170, 0.1, 8, 5000, 59, "1024-10-3", 6916
16, 0, 2193, 0.1, 8, 5000, 59, "1024-10-3", 3630
16, 0, 2895, 0.1, 8, 5000, 59, "1024-10-3", 4788
16, 0, 1557, 0.1, 8, 5000, 59, "1024-10-3", 2572
16, 1, 2866, 0.1, 8, 5000, 59, "1024-10-3", 13095
16, 1, 2185, 0.1, 8, 5000, 59, "1024-10-3", 11938
14, 8, 5000, 0.1, 8, 5000, 59, "1024-10-3", 66422
14, 8, 5000, 0.1, 8, 5000, 59, "1024-10-3", 67888
14, 0, 2622, 0.1, 8, 5000, 59, "1024-10-3", 4520
14, 8, 5000, 0.1, 8, 5000, 59, "1024-10-3", 67667
14, 4, 4390, 0.1, 8, 5000, 59, "1024-10-3", 44894
15, 5, 4503, 0.1, 8, 5000, 59, "1024-10-3", 49545
15, 8, 5000, 0.1, 8, 5000, 59, "1024-10-3", 66988
15, 8, 5000, 0.1, 8, 5000, 59, "1024-10-3", 67551
15, 2, 4438, 0.1, 8, 5000, 59, "1024-10-3", 24196
15, 0, 400, 0.1, 8, 5000, 59, "1024-10-7-3", 723
15, 8, 5000, 0.1, 8, 5000, 59, "1024-10-7-3", 68263
15, 0, 984, 0.1, 8, 5000, 59, "1024-10-7-3", 1752
15, 8, 5000, 0.1, 8, 5000, 59, "1024-10-7-3", 68170
15, 3, 2768, 0.1, 8, 5000, 59, "1024-10-7-3", 30466
15, 0, 4673, 0.1, 8, 5000, 59, "1024-10-7-3", 7923
15, 7, 4171, 0.1, 8, 5000, 59, "1024-10-7-3", 68309
10, 8, 10000, 0.1, 8, 10000, 59, "1024-10-7-3", 147940
15, 8, 5000, 0.1, 8, 5000, 59, "1024-15-3", 126768
15, 8, 5000, 0.1, 8, 5000, 59, "1024-15-3", 111728
15, 8, 5000, 0.1, 8, 5000, 59, "1024-15-3", 115653
15, 8, 5000, 0.1, 8, 5000, 59, "1024-15-3", 109056
15, 8, 5000, 0.1, 8, 5000, 59, "1024-15-3", 111327
15, 8, 5000, 0.1, 8, 5000, 59, "1024-15-3", 115180
15, 8, 5000, 0.1, 8, 5000, 59, "1024-15-3", 116855
15, 0, 5692, 0.1, 8, 7000, 59, "1024-10-3", 10767
15, 1, 3471, 0.1, 8, 7000, 59, "1024-10-3", 18836
15, 0, 6094, 0.1, 8, 7000, 59, "1024-10-3", 11855
15, 1, 2183, 0.1, 8, 7000, 59, "1024-10-3", 16629
15, 0, 5781, 0.1, 8, 7000, 59, "1024-10-3", 10064
15, 0, 1046, 0.1, 8, 7000, 59, "1024-10-3", 1896
15, 8, 7000, 0.1, 8, 7000, 59, "1024-10-3", 97817
15, 2, 5889, 0.1, 8, 7000, 59, "1024-10-3", 34685
15, 3, 3751, 0.1, 8, 7000, 59, "1024-10-3", 44142
15, 1, 6713, 0.1, 8, 7000, 59, "1024-10-3", 24392
15, 8, 7000, 0.1, 8, 7000, 59, "1024-10-3", 98833
15, 1, 6309, 0.1, 8, 7000, 59, "1024-10-3", 23060
15, 2, 4426, 0.1, 8, 7000, 59, "1024-10-3", 32245
15, 7, 2511, 0.1, 8, 7000, 59, "1024-10-3", 91457
15, 8, 7000, 0.1, 8, 7000, 59, "1024-10-3", 97588
15, 1, 6956, 0.1, 8, 7000, 59, "1024-10-3", 24547
15, 2, 3712, 0.1, 8, 7000, 59, "1024-10-3", 31371
15, 2, 3378, 0.1, 8, 7000, 59, "1024-10-3", 30201
15, 4, 1902, 0.1, 8, 7000, 59, "1024-10-3", 52219
15, 4, 6141, 0.1, 8, 7000, 59, "1024-10-3", 60291
15, 1, 6020, 0.1, 8, 7000, 59, "1024-10-3", 23007
15, 8, 7000, 0.1, 8, 7000, 59, "1024-10-3", 100780
15, 8, 7000, 0.1, 8, 7000, 59, "1024-10-3", 98511
15, 0, 694, 0.1, 8, 7000, 59, "1024-10-3", 1190
15, 2, 3513, 0.1, 8, 7000, 59, "1024-10-3", 30710
15, 1, 1979, 0.1, 8, 7000, 59, "1024-10-3", 15731
15, 8, 7000, 0.1, 8, 7000, 59, "1024-10-3", 97773
15, 0, 1517, 0.1, 8, 7000, 59, "1024-10-3", 2656
15, 3, 3285, 0.1, 8, 7000, 59, "1024-10-3", 42439
15, 6, 5277, 0.1, 8, 7000, 59, "1024-10-3", 82724
15, 8, 7000, 0.1, 8, 7000, 59, "1024-10-3", 98687
15, 4, 6291, 0.1, 8, 7000, 59, "1024-10-3", 61139
15, 3, 5847, 0.1, 8, 7000, 59, "1024-10-3", 48900
15, 0, 4021, 0.1, 8, 7000, 59, "1024-10-3", 6996
15, 8, 7000, 0.1, 8, 7000, 59, "1024-10-3", 98854
15, 0, 3656, 0.1, 8, 7000, 59, "1024-10-3", 6428
15, 8, 7000, 0.1, 8, 7000, 59, "1024-10-3", 98575
15, 7, 3669, 0.1, 8, 7000, 59, "1024-10-3", 92554
15, 1, 3936, 0.1, 8, 7000, 59, "1024-10-3", 19024
15, 0, 2293, 0.1, 8, 7000, 59, "1024-10-3", 3991
15, 1, 4181, 0.1, 8, 7000, 59, "1024-10-3", 20564
15, 6, 5042, 0.1, 8, 7000, 59, "1024-10-3", 85696
15, 4, 6804, 0.1, 8, 7000, 59, "1024-10-3", 63019
15, 1, 5146, 0.1, 8, 7000, 59, "1024-10-3", 21834
15, 0, 3747, 0.1, 8, 7000, 59, "1024-7-3", 4855
15, 0, 429, 0.1, 8, 7000, 59, "1024-7-3", 4121
15, 2, 4514, 0.1, 8, 7000, 59, "1024-7-3", 177536
15, 1, 1771, 0.1, 8, 7000, 59, "1024-7-3", 82461
15, 1, 1049, 0.1, 8, 7000, 59, "1024-7-3", 75461
15, 4, 1873, 0.1, 8, 7000, 59, "1024-7-3", 318581
15, 1, 1453, 0.1, 8, 7000, 59, "1024-7-3", 88731
15, 2, 4715, 0.1, 8, 7000, 59, "1024-7-3", 187395
15, 2, 3456, 0.1, 8, 7000, 59, "1024-7-3", 166739
15, 0, 892, 0.1, 8, 7000, 59, "1024-7-3", 8897
15, 0, 1329, 0.1, 8, 7000, 59, "1024-7-3", 12708
15, 0, 1711, 0.1, 8, 7000, 59, "1024-7-3", 16029
15, 1, 1379, 0.1, 8, 7000, 59, "1024-7-3", 78489
15, 8, 7000, 0.1, 8, 7000, 59, "1024-7-3", 537579
15, 0, 3471, 0.1, 8, 7000, 59, "1024-7-3", 34541
15, 0, 2037, 0.1, 8, 7000, 59, "1024-7-3", 19383
15, 0, 4342, 0.1, 8, 7000, 59, "1024-7-3", 41336
15, 3, 2148, 0.1, 8, 7000, 59, "1024-7-3", 219414
15, 1, 6027, 0.1, 8, 7000, 59, "1024-7-3", 125028
15, 1, 2621, 0.1, 8, 7000, 59, "1024-7-3", 96772
15, 6, 4273, 0.1, 8, 7000, 59, "1024-7-3", 445838
15, 0, 6500, 0.1, 8, 7000, 59, "1024-7-3", 62541
15, 1, 4898, 0.1, 8, 7000, 59, "1024-7-3", 118016
15, 2, 280, 0.1, 8, 7000, 59, "1024-7-3", 136460
15, 3, 3585, 0.1, 8, 7000, 59, "1024-7-3", 229706
15, 0, 1367, 0.1, 8, 7000, 59, "1024-7-3", 12733
15, 0, 1063, 0.1, 8, 7000, 59, "1024-7-3", 10002
15, 7, 1442, 0.1, 8, 7000, 59, "1024-7-3", 476190
15, 0, 6249, 0.1, 8, 7000, 59, "1024-7-3", 59678
15, 0, 5966, 0.1, 8, 7000, 59, "1024-7-3", 57317
15, 4, 5971, 0.1, 8, 7000, 59, "1024-7-3", 325906
15, 5, 6452, 0.1, 8, 7000, 59, "1024-7-3", 390400
15, 1, 6454, 0.1, 8, 7000, 59, "1024-7-3", 126167
15, 2, 6018, 0.1, 8, 7000, 59, "1024-7-3", 190099
15, 0, 4237, 0.1, 8, 7000, 59, "1024-7-3", 39174
15, 2, 6792, 0.1, 8, 7000, 59, "1024-7-3", 189898
15, 0, 3811, 0.1, 8, 7000, 59, "1024-7-3", 34187
15, 0, 2251, 0.1, 8, 7000, 59, "1024-7-3", 20149
15, 6, 3923, 0.1, 8, 7000, 59, "1024-7-3", 426026
15, 3, 1615, 0.1, 8, 7000, 59, "1024-7-3", 210943
15, 1, 1330, 0.1, 8, 7000, 59, "1024-7-3", 77492
15, 0, 4493, 0.1, 8, 7000, 59, "1024-7-3", 42136
15, 0, 5271, 0.1, 8, 7000, 59, "1024-7-3", 49059
15, 0, 6831, 0.1, 8, 7000, 59, "1024-7-3", 64352
15, 0, 4057, 0.1, 8, 7000, 59, "1024-7-3", 37933
15, 1, 582, 0.1, 8, 7000, 59, "1024-7-3", 71092
15, 2, 2794, 0.1, 8, 7000, 59, "1024-7-3", 157950
15, 1, 4654, 0.1, 8, 7000, 59, "1024-7-3", 110405
15, 1, 3135, 0.1, 8, 7000, 59, "1024-7-3", 94368
15, 2, 5704, 0.1, 8, 7000, 59, "1024-7-3", 183894
15, 3, 5107, 0.1, 8, 7000, 59, "1024-7-3", 250660
15, 0, 1454, 0.1, 8, 7000, 59, "1024-9-3", 17544
15, 1, 3937, 0.1, 8, 7000, 59, "1024-9-3", 131451
15, 6, 1505, 0.1, 8, 7000, 59, "1024-9-3", 551691
15, 5, 2361, 0.1, 8, 7000, 59, "1024-9-3", 475225
15, 1, 1262, 0.1, 8, 7000, 59, "1024-9-3", 101637
15, 8, 7000, 0.1, 8, 7000, 59, "1024-9-3", 715411
15, 0, 2553, 0.1, 8, 7000, 59, "1024-9-3", 30663
15, 2, 1445, 0.1, 8, 7000, 59, "1024-9-3", 198664
15, 0, 5808, 0.1, 8, 7000, 59, "1024-9-3", 72397
15, 0, 6722, 0.1, 8, 7000, 59, "1024-9-3", 84212
15, 1, 865, 0.1, 8, 7000, 59, "1024-9-3", 95057
15, 5, 5948, 0.1, 8, 7000, 59, "1024-9-3", 502033
15, 8, 7000, 0.1, 8, 7000, 59, "1024-9-3", 692698
15, 0, 1086, 0.1, 8, 7000, 59, "1024-9-3", 13671
15, 4, 5682, 0.1, 8, 7000, 59, "1024-11-3", 481272
15, 8, 7000, 0.1, 8, 7000, 59, "1024-11-3", 815967
15, 0, 4834, 0.1, 8, 7000, 59, "1024-11-3", 70521
14, 6, 6687, 0.1, 8, 7000, 59, "1024-10-3", 684511
15, 6, 5352, 0.1, 8, 7000, 59, "1024-9-3", 619492
14, 8, 7000, 0.1, 8, 7000, 59, "1024-11-3", 885133
17, 0, 1271, 0.1, 8, 7000, 59, "1024-8-3", 14360
17, 8, 7000, 0.1, 8, 7000, 59, "1024-13-3", 1044019
17, 0, 1420, 0.1, 8, 7000, 59, "1024-10-3", 19499
12, 8, 7000, 0.1, 8, 7000, 59, "1024-13-3", 1032904
17, 0, 712, 0.1, 8, 7000, 59, "1024-12-3", 12281
13, 8, 7000, 0.1, 8, 7000, 59, "1024-10-3", 809604
13, 8, 7000, 0.1, 8, 7000, 59, "1024-12-3", 981959
14, 8, 7000, 0.1, 8, 7000, 59, "1024-9-3", 670290
14, 5, 4225, 0.1, 8, 7000, 59, "1024-9-3", 454979
13, 8, 7000, 0.1, 8, 7000, 59, "1024-10-3", 722681
12, 8, 7000, 0.1, 8, 7000, 59, "1024-10-3", 755792
12, 8, 7000, 0.1, 8, 7000, 59, "1024-9-3", 677793
15, 0, 1141, 0.1, 8, 7000, 59, "1024-9-3", 13673
15, 3, 5401, 0.1, 8, 7000, 59, "1024-9-3", 314275
13, 8, 7000, 0.1, 8, 7000, 59, "1024-10-3", 754221
17, 0, 533, 0.1, 8, 7000, 59, "1024-8-3", 6296
12, 8, 7000, 23.136645877461, 0.1, 8, 7000, 59, "1024-14-3", 1023571
13, 8, 7000, 13.9606509017429, 0.1, 8, 7000, 59, "1024-11-3", 808853
17, 1, 1538, 16.3516830012365, 0.1, 8, 7000, 59, "1024-12-3", 132364
17, 8, 7000, 17.1735418477372, 0.1, 8, 7000, 59, "1024-13-3", 939131
13, 8, 7000, 15.5898950655666, 0.1, 8, 7000, 59, "1024-12-3", 862956
15, 0, 1418, 14.7299252243358, 0.1, 8, 7000, 59, "1024-8-3", 14533
16, 8, 7000, 18.4039726686183, 0.1, 8, 7000, 59, "1024-14-3", 1005422
15, 7, 2723, 14.9152741553294, 0.1, 8, 7000, 59, "1024-11-3", 726287
12, 8, 7000, 14.9774614558124, 0.1, 8, 7000, 59, "1024-11-3", 787974
12, 8, 7000, 19.119583125931, 0.1, 8, 7000, 59, "1024-14-3", 1012972
12, 8, 7000, 15.2911141711187, 0.1, 8, 7000, 59, "1024-12-3", 873557
16, 0, 4230, 15.5253839577174, 0.1, 8, 7000, 59, "1024-12-3", 65320
17, 0, 824, 16.1827461888244, 0.1, 8, 7000, 59, "1024-8-3", 8498
12, 8, 7000, 25.3103632955218, 0.1, 8, 7000, 59, "1024-14-3", 1013270
13, 8, 7000, 13.604230408812, 0.1, 8, 7000, 59, "1024-9-3", 647026
17, 0, 490, 16.8078943164439, 0.1, 8, 7000, 59, "1024-9-3", 5654
17, 0, 3141, 16.3242179532138, 0.1, 8, 7000, 59, "1024-11-3", 44297
14, 8, 7000, 15.9349691615117, 0.1, 8, 7000, 59, "1024-14-3", 1005696
14, 8, 7000, 15.211975367249, 0.1, 8, 7000, 59, "1024-11-3", 787507
17, 0, 3565, 16.9821061296977, 0.1, 8, 7000, 59, "1024-10-3", 45326
15, 6, 2877, 14.4671905187675, 0.1, 8, 7000, 59, "1024-10-3", 570893
14, 8, 7000, 14.4092564034102, 0.1, 8, 7000, 59, "1024-10-3", 715520
14, 1, 3702, 13.9752381327103, 0.1, 8, 7000, 59, "1024-11-3", 150411
17, 1, 5181, 15.5850703000999, 0.1, 8, 7000, 59, "1024-9-3", 139676
14, 8, 7000, 14.4038956091846, 0.1, 8, 7000, 59, "1024-8-3", 576721
14, 8, 7000, 29.1746615862391, 0.1, 8, 7000, 59, "1024-14-3", 1006325
13, 8, 7000, 22.860696884589, 0.1, 8, 7000, 59, "1024-14-3", 1006741
14, 8, 7000, 15.0304637589214, 0.1, 8, 7000, 59, "1024-13-3", 936111
15, 1, 1369, 14.9758106073314, 0.1, 8, 7000, 59, "1024-8-3", 85648
12, 8, 7000, 15.3403972863054, 0.1, 8, 7000, 59, "1024-12-3", 863731
13, 8, 7000, 14.9224593316631, 0.1, 8, 7000, 59, "1024-11-3", 791850
14, 8, 7000, 15.071505621112, 0.1, 8, 7000, 59, "1024-12-3", 859959
15, 1, 1306, 14.4009320182309, 0.1, 8, 7000, 59, "1024-8-3", 85562
13, 8, 7000, 14.9157017580769, 0.1, 8, 7000, 59, "1024-12-3", 860457
17, 2, 687, 16.9067644826276, 0.1, 8, 7000, 59, "1024-12-3", 225468
12, 8, 7000, 14.0993533568565, 0.1, 8, 7000, 59, "1024-11-3", 790082
16, 4, 2320, 12.6952678406197, 0.1, 8, 7000, 59, "1024-14-3", 543039
16, 0, 4745, 15.4897259508688, 0.1, 8, 7000, 59, "1024-9-3", 54508
15, 0, 460, 14.8896587885035, 0.1, 8, 7000, 59, "1024-10-3", 6294
17, 0, 5236, 16.8985317089597, 0.1, 8, 7000, 59, "1024-9-3", 61222
17, 8, 7000, 17.8920490457479, 0.1, 8, 7000, 59, "1024-13-3", 926023
17, 0, 6267, 16.1504573055806, 0.1, 8, 7000, 59, "1024-11-3", 88265
13, 8, 7000, 15.9115000445887, 0.1, 8, 7000, 59, "1024-12-3", 856036
17, 0, 2525, 16.0104576176876, 0.1, 8, 7000, 59, "1024-11-3", 35409
12, 8, 7000, 15.9812351674201, 0.1, 8, 7000, 59, "1024-14-3", 1002687
16, 0, 3946, 14.1990308111233, 0.1, 8, 7000, 59, "1024-10-3", 50168
17, 8, 7000, 23.2771909687726, 0.1, 8, 7000, 59, "1024-14-3", 1008342
12, 8, 7000, 14.9861363049324, 0.1, 8, 7000, 59, "1024-13-3", 942493
14, 8, 7000, 17.4380519410145, 0.1, 8, 7000, 59, "1024-13-3", 940753
14, 8, 7000, 15.0378206439483, 0.1, 8, 7000, 59, "1024-8-3", 579896
14, 8, 7000, 15.1904175303606, 0.1, 8, 7000, 59, "1024-13-3", 939429
16, 0, 3372, 15.3183246429976, 0.1, 8, 7000, 59, "1024-9-3", 38995
17, 0, 688, 16.3175717116985, 0.1, 8, 7000, 59, "1024-10-3", 9005
12, 8, 7000, 13.8541878633855, 0.1, 8, 7000, 59, "1024-8-3", 572472
13, 8, 7000, 15.1481896618557, 0.1, 8, 7000, 59, "1024-8-3", 572013
13, 8, 7000, 15.253013498795, 0.1, 8, 7000, 59, "1024-12-3", 853593
17, 0, 2234, 16.6486397158162, 0.1, 8, 7000, 59, "1024-9-3", 25768
17, 0, 1431, 16.7109170280242, 0.1, 8, 7000, 59, "1024-11-3", 19891
16, 0, 3797, 14.8611468251038, 0.1, 8, 7000, 59, "1024-8-3", 38718
17, 1, 2597, 16.8869279246413, 0.1, 8, 7000, 59, "1024-11-3", 134618
16, 6, 5956, 14.6383652091762, 0.1, 8, 7000, 59, "1024-13-3", 797882
16, 1, 780, 15.6880956861122, 0.1, 8, 7000, 59, "1024-9-3", 89474
17, 3, 1270, 16.5667680500343, 0.1, 8, 7000, 59, "1024-13-3", 371749
14, 8, 7000, 14.8015055862618, 0.1, 8, 7000, 59, "1024-12-3", 864990
14, 8, 7000, 21.4673072600146, 0.1, 8, 7000, 59, "1024-14-3", 1031443
12, 8, 7000, 14.2819170569514, 0.1, 8, 7000, 59, "1024-12-3", 874420
16, 8, 7000, 21.5791479852418, 0.1, 8, 7000, 59, "1024-13-3", 944963
14, 6, 2926, 13.7325730145553, 0.1, 8, 7000, 59, "1024-9-3", 518540
14, 8, 7000, 15.4572809646318, 0.1, 8, 7000, 59, "1024-12-3", 861201
16, 2, 1891, 15.0271624332713, 0.1, 8, 7000, 59, "1024-11-3", 224699
12, 8, 7000, 15.3253330719705, 0.1, 8, 7000, 59, "1024-13-3", 930794
13, 8, 7000, 22.7540553452269, 0.1, 8, 7000, 59, "1024-14-3", 1004928
13, 8, 7000, 13.8121082465882, 0.1, 8, 7000, 59, "1024-11-3", 783694
15, 8, 7000, 15.3151065505966, 0.1, 8, 7000, 59, "1024-13-3", 925905
13, 8, 7000, 13.9979654588533, 0.1, 8, 7000, 59, "1024-9-3", 642253
16, 0, 4991, 15.4370955313028, 0.1, 8, 7000, 59, "1024-9-3", 57662
12, 8, 7000, 14.6045024241868, 0.1, 8, 7000, 59, "1024-12-3", 856706
13, 8, 7000, 14.8161079536029, 0.1, 8, 7000, 59, "1024-10-3", 715881
12, 8, 7000, 13.4666067123845, 0.1, 8, 7000, 59, "1024-8-3", 574426
15, 6, 1715, 14.2386240874709, 0.1, 8, 7000, 59, "1024-10-3", 560148
17, 0, 259, 16.7457924690491, 0.1, 8, 7000, 59, "1024-8-3", 2636
13, 8, 7000, 15.3565426605904, 0.1, 8, 7000, 59, "1024-12-3", 864077
12, 8, 7000, 14.9497388467734, 0.1, 8, 7000, 59, "1024-12-3", 865424
17, 0, 4993, 16.957880024626, 0.1, 8, 7000, 59, "1024-10-3", 64656
16, 0, 2459, 15.8767936326729, 0.1, 8, 7000, 59, "1024-8-3", 25409
14, 8, 7000, 14.8718030890578, 0.1, 8, 7000, 59, "1024-10-3", 724505
17, 0, 931, 14.4421731256595, 0.1, 8, 7000, 59, "1024-8-3", 9631
12, 8, 7000, 23.6821158082522, 0.1, 8, 7000, 59, "1024-14-3", 1010821
17, 3, 5268, 16.504945928084, 0.1, 8, 7000, 59, "1024-13-3", 445194
17, 0, 4174, 16.7965562778629, 0.1, 8, 7000, 59, "1024-11-3", 59790
16, 0, 4649, 15.6799509610205, 0.1, 8, 7000, 59, "1024-11-3", 65971
17, 6, 5095, 14.8933982031432, 0.1, 8, 7000, 59, "1024-13-3", 790923
12, 8, 7000, 15.3362350230678, 0.1, 8, 7000, 59, "1024-12-3", 867029
15, 4, 1619, 14.4414399344658, 0.1, 8, 7000, 59, "1024-10-3", 380826
13, 8, 7000, 15.5878844671766, 0.1, 8, 7000, 59, "1024-12-3", 867245
12, 8, 7000, 15.5819560685962, 0.1, 8, 7000, 59, "1024-12-3", 861723
15, 8, 7000, 20.971592759287, 0.1, 8, 7000, 59, "1024-14-3", 1002546
17, 0, 299, 15.1284866076078, 0.1, 8, 7000, 59, "1024-8-3", 3155
13, 8, 7000, 14.985965724582, 0.1, 8, 7000, 59, "1024-12-3", 871896
17, 0, 1803, 16.9284812768811, 0.1, 8, 7000, 59, "1024-13-3", 30521
16, 6, 4783, 14.9476882114112, 0.1, 8, 7000, 59, "1024-11-3", 656508
80, 0, 1, 58.9997710088287, 0.1, 8, 7000, 59, "1024-13-3", 40
67, 0, 1, 58.9996503285281, 0.1, 8, 7000, 59, "1024-11-3", 15
20, 0, 595, 18.8461203079769, 0.1, 8, 7000, 59, "1024-10-3", 8083
64, 0, 1, 58.9982259565372, 0.1, 8, 7000, 59, "1024-14-3", 21
68, 0, 1, 58.9725830995121, 0.1, 8, 7000, 59, "1024-8-3", 11
14, 8, 7000, 17.5743255339688, 0.1, 8, 7000, 59, "1024-14-3", 1031423
93, 0, 1, 58.9999008664841, 0.1, 8, 7000, 59, "1024-12-3", 16
65, 0, 1, 58.9999740399272, 0.1, 8, 7000, 59, "1024-14-3", 21
67, 0, 1, 58.987553417889, 0.1, 8, 7000, 59, "1024-11-3", 17
38, 0, 81, 37.0734935840489, 0.1, 8, 7000, 59, "1024-9-3", 921
48, 0, 7, 46.0614280401014, 0.1, 8, 7000, 59, "1024-8-3", 70
65, 0, 1, 58.9569410143985, 0.1, 8, 7000, 59, "1024-9-3", 12
74, 0, 1, 58.9892359319991, 0.1, 8, 7000, 59, "1024-8-3", 11
93, 0, 1, 58.9584683004949, 0.1, 8, 7000, 59, "1024-8-3", 12
52, 0, 53, 40.6599751205955, 0.1, 8, 7000, 59, "1024-9-3", 587
96, 0, 1, 58.9994778850284, 0.1, 8, 7000, 59, "1024-12-3", 16
28, 0, 227, 19.8787849314349, 0.1, 8, 7000, 59, "1024-8-3", 2333
38, 0, 20, 37.7579369582113, 0.1, 8, 7000, 59, "1024-9-3", 239
34, 1, 892, 33.4443366897987, 0.1, 8, 7000, 59, "1024-14-3", 145068
39, 0, 30, 36.1334124134276, 0.1, 8, 7000, 59, "1024-9-3", 366
18, 0, 2345, 17.9545988145834, 0.1, 8, 7000, 59, "1024-10-3", 34148
77, 0, 1, 58.9952284012112, 0.1, 8, 7000, 59, "1024-11-3", 18
59, 0, 1, 58.9987463150026, 0.1, 8, 7000, 59, "1024-12-3", 18
73, 0, 1, 58.9981682856681, 0.1, 8, 7000, 59, "1024-12-3", 21
40, 0, 246, 38.8863655139234, 0.1, 8, 7000, 59, "1024-11-3", 3866
64, 0, 1, 58.9999124774405, 0.1, 8, 7000, 59, "1024-13-3", 18
21, 0, 320, 20.2700250116281, 0.1, 8, 7000, 59, "1024-8-3", 3564
83, 0, 1, 58.9990598811965, 0.1, 8, 7000, 59, "1024-12-3", 18
34, 0, 17, 30.4458765981264, 0.1, 8, 7000, 59, "1024-10-3", 218
65, 0, 1, 58.9992137382337, 0.1, 8, 7000, 59, "1024-14-3", 23
20, 0, 3200, 19.7942713469509, 0.1, 8, 7000, 59, "1024-13-3", 57781
37, 0, 1278, 32.4269753145922, 0.1, 8, 7000, 59, "1024-12-3", 24551
95, 0, 1, 58.8825214949209, 0.1, 8, 7000, 59, "1024-8-3", 14
57, 0, 480, 40.7203711989096, 0.1, 8, 7000, 59, "1024-11-3", 7244
33, 0, 1471, 22.7044128412172, 0.1, 8, 7000, 59, "1024-10-3", 19849
79, 0, 1, 58.994927252907, 0.1, 8, 7000, 59, "1024-9-3", 13
26, 0, 4938, 21.4372961344363, 0.1, 8, 7000, 59, "1024-11-3", 74641
20, 0, 5270, 18.4860981406235, 0.1, 8, 7000, 59, "1024-14-3", 107820
61, 0, 1, 58.9873814860912, 0.1, 8, 7000, 59, "1024-9-3", 13
83, 0, 1, 58.9952741902269, 0.1, 8, 7000, 59, "1024-8-3", 12
28, 0, 580, 25.75751622431, 0.1, 8, 7000, 59, "1024-11-3", 8918
82, 0, 1, 58.999824276037, 0.1, 8, 7000, 59, "1024-14-3", 21
64, 0, 1, 58.9987298255582, 0.1, 8, 7000, 59, "1024-10-3", 14
89, 0, 1, 58.9999112244466, 0.1, 8, 7000, 59, "1024-14-3", 18
56, 0, 27, 42.0142765928878, 0.1, 8, 7000, 59, "1024-9-3", 309
25, 0, 1343, 22.5023899096358, 0.1, 8, 7000, 59, "1024-11-3", 20056
25, 0, 238, 24.8062616553228, 0.1, 8, 7000, 59, "1024-10-3", 3379
55, 0, 110, 53.9954551444922, 0.1, 8, 7000, 59, "1024-10-3", 1568
56, 0, 459, 53.5295151289562, 0.1, 8, 7000, 59, "1024-13-3", 8606
29, 0, 46, 28.4760191098746, 0.1, 8, 7000, 59, "1024-9-3", 553
69, 0, 1, 58.9994868775958, 0.1, 8, 7000, 59, "1024-12-3", 17
78, 0, 1, 58.9996370960161, 0.1, 8, 7000, 59, "1024-12-3", 17
29, 1, 5485, 25.6786185015462, 0.1, 8, 7000, 59, "1024-14-3", 236417
33, 0, 1335, 27.2324667381128, 0.1, 8, 7000, 59, "1024-13-3", 23090
44, 0, 228, 43.93722452119, 0.1, 8, 7000, 59, "1024-11-3", 3379
62, 0, 1, 58.9942139917894, 0.1, 8, 7000, 59, "1024-11-3", 15
34, 0, 383, 32.1683465646585, 0.1, 8, 7000, 59, "1024-10-3", 5086
89, 0, 1, 58.9999419491719, 0.1, 8, 7000, 59, "1024-14-3", 21
45, 0, 29, 42.1948950707342, 0.1, 8, 7000, 59, "1024-8-3", 315
27, 1, 1753, 26.2977291378114, 0.1, 8, 7000, 59, "1024-12-3", 142347
68, 0, 1, 58.9959782800937, 0.1, 8, 7000, 59, "1024-10-3", 15
21, 0, 1232, 20.9800653355858, 0.1, 8, 7000, 59, "1024-11-3", 18444
43, 0, 138, 42.9783524975802, 0.1, 8, 7000, 59, "1024-11-3", 1988
26, 0, 163, 25.5943002479315, 0.1, 8, 7000, 59, "1024-8-3", 1872
17, 0, 5345, 16.8967008210233, 0.1, 8, 7000, 59, "1024-11-3", 83501
64, 0, 1, 58.9991245687901, 0.1, 8, 7000, 59, "1024-11-3", 18
98, 0, 1, 58.9996401703084, 0.1, 8, 7000, 59, "1024-11-3", 16
59, 0, 1, 58.9992492969272, 0.1, 8, 7000, 59, "1024-11-3", 15
47, 0, 14, 45.3323586062331, 0.1, 8, 7000, 59, "1024-8-3", 145
73, 0, 1, 58.995516826288, 0.1, 8, 7000, 59, "1024-9-3", 13
28, 2, 6418, 22.6985312286176, 0.1, 8, 7000, 59, "1024-11-3", 337838
41, 0, 763, 40.5356183473871, 0.1, 8, 7000, 59, "1024-12-3", 14420
21, 0, 643, 19.0481489199944, 0.1, 8, 7000, 59, "1024-11-3", 11180
78, 0, 1, 58.9999586429362, 0.1, 8, 7000, 59, "1024-14-3", 24
25, 7, 1743, 23.7072132452419, 0.1, 8, 7000, 59, "1024-14-3", 980647
15, 5, 3058, 14.7504420582961, 0.1, 8, 7000, 59, "1024-12-3", 611609
31, 0, 38, 26.4483378468576, 0.1, 8, 7000, 59, "1024-8-3", 466
42, 0, 1054, 40.516179183838, 0.1, 8, 7000, 59, "1024-14-3", 19706
51, 0, 2188, 45.3752310470321, 0.1, 8, 7000, 59, "1024-11-3", 32324
97, 0, 1, 58.9916179075481, 0.1, 8, 7000, 59, "1024-11-3", 17
64, 0, 1, 58.9988930449094, 0.1, 8, 7000, 59, "1024-13-3", 18
73, 0, 1, 58.999978028792, 0.1, 8, 7000, 59, "1024-14-3", 21
97, 0, 1, 58.9999273556033, 0.1, 8, 7000, 59, "1024-13-3", 19
41, 0, 129, 38.9921650864321, 0.1, 8, 7000, 59, "1024-9-3", 1563
24, 0, 161, 21.396690287322, 0.1, 8, 7000, 59, "1024-10-3", 2207
19, 1, 2126, 18.3962701210695, 0.1, 8, 7000, 59, "1024-10-3", 122370
18, 8, 7000, 18.7297928048461, 0.1, 8, 7000, 59, "1024-14-3", 1083286
79, 0, 1, 58.9408010945998, 0.1, 8, 7000, 59, "1024-8-3", 15
39, 0, 626, 37.990638512937, 0.1, 8, 7000, 59, "1024-12-3", 10054
52, 0, 10, 43.4949877652147, 0.1, 8, 7000, 59, "1024-8-3", 100
96, 0, 1, 58.9972271297786, 0.1, 8, 7000, 59, "1024-10-3", 14
50, 0, 596, 45.1298979672067, 0.1, 8, 7000, 59, "1024-13-3", 10185
49, 0, 50, 39.7835910101158, 0.1, 8, 7000, 59, "1024-8-3", 506
90, 0, 1, 58.9937613641497, 0.1, 8, 7000, 59, "1024-10-3", 14
68, 0, 1, 58.6383511270511, 0.1, 8, 7000, 59, "1024-9-3", 22
20, 8, 7000, 23.105737042762, 0.1, 8, 7000, 59, "1024-14-3", 1100735
77, 0, 1, 58.9982032998338, 0.1, 8, 7000, 59, "1024-12-3", 17
89, 0, 1, 58.9973983643011, 0.1, 8, 7000, 59, "1024-12-3", 19
29, 0, 447, 23.0593786790936, 0.1, 8, 7000, 59, "1024-10-3", 6149
93, 0, 1, 58.999627997492, 0.1, 8, 7000, 59, "1024-12-3", 17
98, 0, 1, 58.9380041854938, 0.1, 8, 7000, 59, "1024-8-3", 12
38, 0, 1270, 37.7771044508787, 0.1, 8, 7000, 59, "1024-12-3", 20704
27, 0, 1324, 23.0629847053586, 0.1, 8, 7000, 59, "1024-11-3", 20098
38, 0, 6654, 37.9491633288626, 0.1, 8, 7000, 59, "1024-14-3", 127846
54, 1, 5005, 49.7334945124408, 0.1, 8, 7000, 59, "1024-14-3", 230900
66, 0, 1, 58.9535525481554, 0.1, 8, 7000, 59, "1024-8-3", 13
66, 0, 1, 58.9980302779752, 0.1, 8, 7000, 59, "1024-10-3", 16
89, 0, 1, 58.9996517264859, 0.1, 8, 7000, 59, "1024-12-3", 19
53, 0, 6, 52.2289235887417, 0.1, 8, 7000, 59, "1024-9-3", 82
90, 0, 1, 58.9720214453017, 0.1, 8, 7000, 59, "1024-9-3", 14
79, 0, 1, 58.9970377147603, 0.1, 8, 7000, 59, "1024-11-3", 19
25, 0, 3652, 24.4904008705034, 0.1, 8, 7000, 59, "1024-9-3", 43442
62, 0, 1, 58.9531928757532, 0.1, 8, 7000, 59, "1024-10-3", 14
37, 0, 341, 34.3666668041001, 0.1, 8, 7000, 59, "1024-12-3", 5398
73, 0, 1, 58.9999638606854, 0.1, 8, 7000, 59, "1024-14-3", 24
52, 0, 318, 47.6261043931309, 0.1, 8, 7000, 59, "1024-12-3", 5145
44, 0, 384, 42.5505569748661, 0.1, 8, 7000, 59, "1024-12-3", 6204
38, 0, 2192, 35.0551252602539, 0.1, 8, 7000, 59, "1024-10-3", 30498
51, 0, 1396, 49.4148311213874, 0.1, 8, 7000, 59, "1024-13-3", 26579
90, 0, 1, 58.9660918525254, 0.1, 8, 7000, 59, "1024-8-3", 14
50, 0, 17, 38.9376022409486, 0.1, 8, 7000, 59, "1024-9-3", 233
39, 0, 132, 37.5380260832758, 0.1, 8, 7000, 59, "1024-10-3", 1935
98, 0, 1, 58.999976814225, 0.1, 8, 7000, 59, "1024-13-3", 20
43, 0, 5, 39.7233777822578, 0.1, 8, 7000, 59, "1024-9-3", 57
46, 0, 182, 43.8132647122802, 0.1, 8, 7000, 59, "1024-11-3", 3025
75, 0, 1, 58.9978172209367, 0.1, 8, 7000, 59, "1024-11-3", 18
62, 0, 1, 58.7732237217786, 0.1, 8, 7000, 59, "1024-8-3", 13
54, 0, 182, 48.6881315131003, 0.1, 8, 7000, 59, "1024-9-3", 2377
13, 8, 7000, 13.3771484287882, 0.1, 8, 7000, 59, "1024-11-3", 850267
20, 0, 3412, 18.6132001529123, 0.1, 8, 7000, 59, "1024-11-3", 50977
38, 0, 53, 35.2753490210186, 0.1, 8, 7000, 59, "1024-10-3", 761
87, 0, 1, 58.9954876411219, 0.1, 8, 7000, 59, "1024-10-3", 14
62, 0, 1, 58.9988920197355, 0.1, 8, 7000, 59, "1024-12-3", 18
94, 0, 1, 58.9994172252785, 0.1, 8, 7000, 59, "1024-13-3", 17
89, 0, 1, 58.9909856260032, 0.1, 8, 7000, 59, "1024-8-3", 12
74, 0, 1, 58.9998972723308, 0.1, 8, 7000, 59, "1024-13-3", 19
65, 0, 1, 58.9845212801617, 0.1, 8, 7000, 59, "1024-8-3", 11
13, 1, 20000, 59, 0.1, 1, 20000, 59, "1024-93-3", 2550611
12, 1, 20000, 58.9999999979381, 0.1, 1, 20000, 59, "1024-23-3", 615479
16, 1, 20000, 59, 0.1, 1, 20000, 59, "1024-33-3", 867957
17, 1, 20000, 59, 0.1, 1, 20000, 59, "1024-48-3", 1305327
12, 1, 20000, 59, 0.1, 1, 20000, 59, "1024-51-3", 1408359
